,continent
World,all
USA,North America
India,Asia
Brazil,South America
France,Europe
Germany,Europe
UK,Europe
Russia,Europe
S. Korea,Asia
Italy,Europe
Turkey,Asia
Spain,Europe
Vietnam,Asia
Argentina,South America
Netherlands,Europe
Japan,Asia
Iran,Asia
Colombia,South America
Indonesia,Asia
Poland,Europe
Mexico,North America
Australia,Australia/Oceania
Ukraine,Europe
Malaysia,Asia
Thailand,Asia
Austria,Europe
Israel,Asia
Belgium,Europe
Czechia,Europe
Portugal,Europe
South Africa,Africa
Canada,North America
Philippines,Asia
Switzerland,Europe
Peru,South America
Chile,South America
Greece,Europe
Denmark,Europe
Romania,Europe
Sweden,Europe
Iraq,Asia
Serbia,Europe
Bangladesh,Asia
Hungary,Europe
Slovakia,Europe
Jordan,Asia
Georgia,Asia
Pakistan,Asia
Ireland,Europe
Norway,Europe
Kazakhstan,Asia
Hong Kong,Asia
Singapore,Asia
Morocco,Africa
Bulgaria,Europe
Croatia,Europe
Cuba,North America
Lebanon,Asia
Lithuania,Europe
Tunisia,Africa
Slovenia,Europe
Finland,Europe
Nepal,Asia
Belarus,Europe
Bolivia,South America
UAE,Asia
Uruguay,South America
New Zealand,Australia/Oceania
Ecuador,South America
Costa Rica,North America
Guatemala,North America
Latvia,Europe
Azerbaijan,Asia
Panama,North America
Saudi Arabia,Asia
Sri Lanka,Asia
Paraguay,South America
Kuwait,Asia
Myanmar,Asia
Palestine,Asia
Dominican Republic,North America
Estonia,Europe
Bahrain,Asia
Venezuela,South America
Moldova,Europe
Egypt,Africa
Libya,Africa
Ethiopia,Africa
Mongolia,Asia
Cyprus,Asia
Armenia,Asia
Honduras,North America
Oman,Asia
Bosnia and Herzegovina,Europe
Réunion,Africa
Qatar,Asia
Kenya,Africa
Zambia,Africa
North Macedonia,Europe
Botswana,Africa
Albania,Europe
Algeria,Africa
Nigeria,Africa
Zimbabwe,Africa
Uzbekistan,Asia
Montenegro,Europe
Luxembourg,Europe
Mozambique,Africa
Laos,Asia
Kyrgyzstan,Asia
Iceland,Europe
Maldives,Asia
Afghanistan,Asia
Uganda,Africa
El Salvador,North America
Ghana,Africa
Namibia,Africa
Martinique,North America
Trinidad and Tobago,North America
Brunei,Asia
Guadeloupe,North America
Cambodia,Asia
Rwanda,Africa
Jamaica,North America
Cameroon,Africa
Angola,Africa
Malta,Europe
DRC,Africa
Senegal,Africa
Malawi,Africa
Ivory Coast,Africa
French Guiana,South America
Suriname,South America
Channel Islands,Europe
French Polynesia,Australia/Oceania
Eswatini,Africa
Barbados,North America
Fiji,Australia/Oceania
Madagascar,Africa
Guyana,South America
Sudan,Africa
New Caledonia,Australia/Oceania
Mauritania,Africa
Belize,North America
Bhutan,Asia
Cabo Verde,Africa
Syria,Asia
Taiwan,Asia
Gabon,Africa
Papua New Guinea,Australia/Oceania
Seychelles,Africa
Curaçao,North America
Andorra,Europe
Burundi,Africa
Mauritius,Africa
Mayotte,Africa
Togo,Africa
Guinea,Africa
Faeroe Islands,Europe
Aruba,North America
Tanzania,Africa
Bahamas,North America
Lesotho,Africa
Mali,Africa
Haiti,North America
Isle of Man,Europe
Benin,Africa
Somalia,Africa
Congo,Africa
Saint Lucia,North America
Timor-Leste,Asia
Cayman Islands,North America
Burkina Faso,Africa
Nicaragua,North America
Gibraltar,Europe
South Sudan,Africa
Tajikistan,Asia
Liechtenstein,Europe
San Marino,Europe
Equatorial Guinea,Africa
Djibouti,Africa
CAR,Africa
Grenada,North America
Bermuda,North America
Solomon Islands,Australia/Oceania
Dominica,North America
Gambia,Africa
Greenland,North America
Yemen,Asia
Monaco,Europe
Saint Martin,North America
Sint Maarten,North America
Eritrea,Africa
Caribbean Netherlands,North America
Tonga,Australia/Oceania
Niger,Africa
Guinea-Bissau,Africa
Comoros,Africa
Sierra Leone,Africa
Antigua and Barbuda,North America
Liberia,Africa
Chad,Africa
Samoa,Australia/Oceania
St. Vincent Grenadines,North America
Vanuatu,Australia/Oceania
British Virgin Islands,North America
Sao Tome and Principe,Africa
Turks and Caicos,North America
Saint Kitts and Nevis,North America
Cook Islands,Australia/Oceania
St. Barth,North America
Palau,Australia/Oceania
Kiribati,Australia/Oceania
Anguilla,North America
Saint Pierre Miquelon,North America
Wallis and Futuna,Australia/Oceania
Montserrat,North America
Falkland Islands,South America
Macao,Asia
Vatican City,Europe
Marshall Islands,Australia/Oceania
Western Sahara,Africa
Niue,Australia/Oceania
Nauru,Australia/Oceania
Saint Helena,Africa
Micronesia,Australia/Oceania
China,Asia
Total:,all
